{"id": 2190.0, "mssubclass": 57.37834132967786, "lotfrontage": 68.58035714285695, "lotarea": 9819.161069225496, "overallqual": 6.078821110349555, "overallcond": 5.5538039753255655, "yearbuilt": 1971.357779300891, "yearremodadd": 1983.6627827278958, "masvnrarea": 100.70914127423828, "bsmtfinsf1": 439.2037037037037, "bsmtfinsf2": 52.61934156378601, "bsmtunfsf": 554.2949245541838, "totalbsmtsf": 1046.1179698216736, "1stflrsf": 1156.534612748458, "2ndflrsf": 325.96778615490064, "lowqualfinsf": 3.5435229609321452, "grlivarea": 1486.0459218642907, "bsmtfullbath": 0.43445435827041873, "bsmthalfbath": 0.06520247083047358, "fullbath": 1.570938999314599, "halfbath": 0.3776559287183002, "bedroomabvgr": 2.8540095956134337, "kitchenabvgr": 1.0424948594928032, "totrmsabvgrd": 6.385195339273475, "fireplaces": 0.5812200137080192, "garageyrblt": 1977.7212165097733, "garagecars": 1.7661179698216736, "garagearea": 472.76886145404666, "wooddecksf": 93.17477724468814, "openporchsf": 48.3139136394791, "enclosedporch": 24.24331734064428, "3ssnporch": 1.794379712131597, "screenporch": 17.064427690198766, "poolarea": 1.7443454420836189, "miscval": 58.16792323509253, "mosold": 6.104180945853324, "yrsold": 2007.7697052775875}